S,B,latency,memory,energy,status,is_validation
32,1,0.0005502500000034161,18763776,0.03066969376661103,ok,False
32,2,0.0006096999999840591,18874368,0.03541885705130433,ok,False
32,4,0.0005358500000056665,19095552,0.03664227312818036,ok,False
64,1,0.0005619000000081087,23969792,0.04941155326311735,ok,False
32,8,0.0005371499999853313,19537920,0.038094942707545584,ok,False
64,2,0.0005658999999980097,24117248,0.0551637098560136,ok,False
32,9,0.0005392999999855874,19648512,0.04126614688700861,ok,True
32,16,0.0004940999999689666,14843904,0.03952071503957716,ok,False
64,4,0.0005812500000104137,24903680,0.06595690626216051,ok,False
128,1,0.0006504499999948621,24412160,0.06488269820254568,ok,False
176,1,0.0005513499999949545,17700864,0.05033012557793078,ok,True
32,32,0.0006239500000049247,15958016,0.05779019603182395,ok,False
64,8,0.0005649500000117769,17793536,0.050749358810759135,ok,False
128,2,0.0005710000000078708,17794048,0.052775163136275775,ok,False
64,9,0.0005639999999971224,18006528,0.05482860721996834,ok,True
224,1,0.0005817999999919721,18699776,0.06082475651871003,ok,False
32,50,0.0007177999999896656,17211392,0.08068301296653962,ok,True
176,2,0.0006105504999993627,19311616,0.0691911614548662,ok,True
32,64,0.0007675499999777458,18186240,0.0955320458733705,ok,False
64,16,0.0005852500000003147,19497472,0.06594619759912078,ok,False
128,4,0.0006311500000037995,19497984,0.06699337377955918,ok,False
256,1,0.0005783499999836295,19499008,0.06919374756362247,ok,False
288,1,0.0006468500000096356,20404736,0.080378627594562,ok,True
224,2,0.0006588499999793385,21308928,0.09167350071391968,ok,False
336,1,0.0007132000000069638,21962752,0.10076662727559565,ok,True
176,4,0.0008229000000028464,22155264,0.11215783862758451,ok,True
32,128,0.0016810499999735384,59342848,0.2837233911969966,ok,False
64,32,0.0008254999999905976,22642688,0.10922093782952219,ok,False
128,8,0.0008448999999757234,22642688,0.11546865371531385,ok,False
256,2,0.0006980999999655069,22906880,0.10474438027496483,ok,False
128,9,0.0008271500000205378,23822336,0.12022023042597121,ok,True
384,1,0.0008459999999672618,23822336,0.12415551187832259,ok,False
400,1,0.0009427499999787869,24609792,0.13979524276850702,ok,True
288,2,0.0009621500000207561,25010176,0.14455011660848704,ok,True
224,4,0.0009825000000205364,27377664,0.1547881481847725,ok,False
64,50,0.0013802000000282533,27656192,0.15618158134644905,ok,True
32,209,0.0024119000000268898,88834048,0.4332721427657623,ok,True
336,2,0.001115099999992708,29241344,0.18116434335823323,ok,True
176,8,0.0011715499999809253,30580736,0.18999629314876942,ok,True
32,256,0.0027824000000578053,103669760,0.5138772422073087,ok,False
64,64,0.0011679500000241205,31555584,0.18938526369176642,ok,False
128,16,0.0011529000000223277,31555584,0.18839772262303914,ok,False
256,4,0.0011306000000104177,31555584,0.18463932961544363,ok,False
512,1,0.0011175500000035754,31555584,0.18187926655024525,ok,False
176,9,0.001219849999984035,32687104,0.2026158428399397,ok,True
384,2,0.0012171999999850414,34570240,0.201191260849848,ok,False
400,2,0.0015197499999999309,35489792,0.24610305421868492,ok,True
288,4,0.0014915999999516316,36290560,0.2482571437217535,ok,True
224,8,0.0016893499999923733,41025536,0.28279001776715074,ok,False
224,9,0.0019743999999946027,44437504,0.3285194971534883,ok,True
336,4,0.0018590500000073007,44437504,0.31055118510231866,ok,True
176,16,0.001984550000031504,47611904,0.3343847824293581,ok,True
64,128,0.0033877000000188673,76210176,0.6143898916898467,ok,False
128,32,0.002088549999996303,49381376,0.3511658462964136,ok,False
256,8,0.0021148000000152933,49381376,0.35393381333310747,ok,False
512,2,0.0019952499999931206,49381376,0.3363620287699403,ok,False
256,9,0.002154000000018641,53837824,0.36075180086014835,ok,True
384,4,0.0021365999999716223,53837824,0.35778951829066,ok,False
400,4,0.0025427999999578788,57249792,0.4249044798221748,ok,True
288,8,0.0025735000000395303,58851328,0.43281956263331484,ok,True
288,9,0.0028641999999763357,64491520,0.4850998143492266,ok,True
224,16,0.00303609999997434,68780032,0.5131691271340715,ok,False
128,50,0.003066950000061297,70221824,0.5208028365892309,ok,True
64,209,0.005120949999991353,116408320,0.9326115237789712,ok,True
336,8,0.0035057999999708045,75145216,0.5911010821444578,ok,True
176,32,0.003767799999991439,82018304,0.6404467799014143,ok,True
336,9,0.0037915500000167413,83212288,0.6432944672598091,ok,True
64,256,0.005877599999962513,138272768,1.0710093350577,ok,False
128,64,0.0036873500000069726,119316480,0.6254331254096157,ok,False
256,16,0.0035132500000258915,119316480,0.6011150403031223,ok,False
512,4,0.0037965000000212967,85032960,0.643394124485345,ok,False
384,8,0.004154050000067855,94601216,0.7072233668841043,ok,False
400,8,0.004684249999968415,100769792,0.7981262816313008,ok,True
288,16,0.004283449999945788,129343488,0.7248004633218147,ok,True
384,9,0.004758849999973336,103972864,0.8084407826357077,ok,True
400,9,0.005084399999930156,111649792,0.8658917550859861,ok,True
176,50,0.00522675000001982,174897152,0.8870918932566746,ok,True
224,32,0.005447900000035588,175460352,0.9326378866565861,ok,False
336,16,0.006027049999943301,183975936,1.0209170094557658,ok,True
176,64,0.006238850000045204,190513152,1.064525543798908,ok,True
128,128,0.01035095000003139,223518720,1.8164829343273345,ok,False
256,32,0.006728599999973994,223518720,1.1529980665105355,ok,False
512,8,0.007360899999980575,156336128,1.2632018510447034,ok,False
384,16,0.007296499999995376,225687552,1.2546938617672232,ok,False
512,9,0.008035899999981666,174161920,1.3682455272633536,ok,True
224,50,0.008751349999954527,309567488,1.493597819584512,ok,True
400,16,0.008034500000007938,256794624,1.3760168757159745,ok,True
288,32,0.00804355000002488,244359168,1.3754656556679352,ok,True
224,64,0.010403800000062802,334856192,1.7931195202751684,ok,False
256,50,0.01076290000003155,399417344,1.8539890593121,ok,True
128,209,0.016647749999947337,370974720,2.906490659676043,ok,True
336,32,0.011484100000018316,352837632,1.9812789662063395,ok,True
176,128,0.01878279999999677,365518848,3.1878337433610273,ok,True
288,50,0.013190800000018044,430227456,2.1903195612156865,ok,True
128,256,0.019881750000024567,431923200,3.3322845022380885,ok,False
256,64,0.013185750000047847,431923200,2.1879682296986376,ok,False
512,16,0.013037199999985205,399734784,2.1476363223027897,ok,False
384,32,0.0143333499999585,436260864,2.418278262987925,ok,False
400,32,0.01586939999998549,499195904,2.684381160751936,ok,True
288,64,0.015877200499971877,472031232,2.7155638700267852,ok,True
336,50,0.018891749999966123,634275840,3.122205825891978,ok,True
224,128,0.03203459999997449,653352960,4.815689021727828,ok,False
176,209,0.03131504999998924,611595264,4.849920631380637,ok,True
336,64,0.02269189999998389,691175424,3.8319636745802486,ok,True
384,50,0.023274850000007063,783089664,3.937765616742281,ok,True
176,256,0.037118800000030205,716537856,5.928728944469573,ok,True
400,50,0.025817300000028354,902526976,4.347633448157995,ok,True
256,128,0.03917885049997949,848732160,6.1787867134312355,ok,False
512,32,0.025550699999996596,784355328,4.305094648169861,ok,False
384,64,0.028350700000032703,857407488,4.815744934100842,ok,False
400,64,0.03136029999996026,982155264,5.271517064939866,ok,True
224,209,0.05338020099998175,1104936960,8.289462013540987,ok,True
288,128,0.052287899999953424,928948224,8.158817934768779,ok,True
224,256,0.06243295000001581,1291943936,9.89826040861785,ok,False
512,50,0.0418283500000598,1421475840,6.887196605216579,ok,True
256,209,0.06492809999997462,1438556160,10.151403441627519,ok,True
336,128,0.06863335049996522,1366007808,10.906947673480197,ok,True
256,256,0.07614190099997131,1683062784,11.98968544411681,ok,False
512,64,0.05194800000003852,1553596416,8.207769873317892,ok,False
288,209,0.08725199999997812,1569533952,13.241712754089694,ok,True
384,128,0.08815785050001068,1699700736,13.381979585023801,ok,False
400,128,0.099824950000027,1948557312,15.00884461681088,ok,True
288,256,0.10155344999998306,1843494912,16.38856717319035,ok,True
336,209,0.11702009999999063,2318582784,16.83797774761777,ok,True
336,256,0.13927780049993999,2717220864,20.19175488696322,ok,True
384,209,0.14915439999998625,2883514368,21.157208129060027,ok,True
400,209,0.1680917974999261,3312624640,23.725879932961977,ok,True
512,128,0.1590243004999934,3092078592,22.696594792669647,ok,False
384,256,0.17741834550002977,3384287232,24.994728901652667,ok,False
400,256,0.2020667065000339,3882000384,28.270653680777034,ok,True
512,209,0.26670939950003003,5258244096,36.66749448579744,ok,True
512,256,0.3137959190000288,6169042944,43.29662082113429,ok,False
576,1,0.0018084500006807502,36290560,0.20601827723218247,ok,True
32,330,0.0035589499966590665,129547264,0.6370643214370619,ok,True
32,400,0.004165399997873465,154025984,0.7616317311841466,ok,True
640,1,0.0016266505008388776,41762816,0.26816888183542936,ok,True
576,2,0.002484849999746075,58851328,0.41427405120611066,ok,True
640,2,0.0029269500009831972,69517312,0.49069239225064576,ok,True
576,4,0.004585200000292389,103972864,0.7784765278512333,ok,True
64,330,0.007192400000349153,174152704,1.3088915991184678,ok,True
64,400,0.008748000000196043,208093184,1.5718682364261891,ok,True
640,4,0.005569949997152435,125140992,0.9547995126605335,ok,True
576,8,0.008817749996524071,194215936,1.4970247097794982,ok,True
576,9,0.010023099999671103,216776704,1.7135501028780267,ok,True
640,8,0.010944149998977082,236552192,1.8727205342182562,ok,True
640,9,0.012167099997896003,264404992,2.097330715080008,ok,True
576,16,0.015433200002007652,472031232,2.650228577771358,ok,True
128,330,0.02433759999985341,558637056,4.274816743424167,ok,True
128,400,0.029605100004118867,666992640,5.172366284091889,ok,True
640,16,0.019058600002608728,587464704,3.282287926250936,ok,True
176,330,0.04526940049981931,929081344,7.730270899717451,ok,True
576,32,0.030887400498613715,928948224,5.300064547585758,ok,True
176,400,0.05516469999929541,1110128640,9.327076090011367,ok,True
640,32,0.03784089999680873,1159815168,6.439002348485009,ok,True
224,330,0.0769641490005597,1679652864,13.026312335443414,ok,True
576,50,0.050891199498437345,1675567104,8.649984788186483,ok,True
224,400,0.0941818989958847,2009610240,15.828865493192103,ok,True
640,50,0.062030199500441086,2098077696,10.508371306730611,ok,True
576,64,0.06249105000460986,1842782208,10.586235357211173,ok,True
256,330,0.09441869999864139,2189205504,16.007217731598395,ok,True
256,400,0.11505430000033812,2620489728,19.469512485840127,ok,True
640,64,0.07694179999816697,2304516096,13.043420527840867,ok,True
288,330,0.1269447000013315,2396012544,21.548703345524498,ok,True
288,400,0.1545760999979393,2871164928,26.086407206857174,ok,True
336,330,0.1701348999995389,3536824320,27.887489885395727,ok,True
576,128,0.20177334950130899,3670450176,30.64150909661866,ok,True
336,400,0.21027369950024877,4236656640,33.2950352066512,ok,True
384,330,0.21968550050223712,4405821440,34.71375916879726,ok,True
640,128,0.24327910149804666,4593917952,38.19177235108107,ok,True
400,330,0.24920845100132283,5056063488,39.32491431276294,ok,True
384,400,0.27079459999731625,5279447040,41.25283297354234,ok,True
400,400,0.3059074499979033,6057123840,45.60546332039755,ok,True
576,209,0.3470054990029894,6232793088,49.467025511392215,ok,True
576,256,0.44825650050188415,5789286400,64.22653132570373,ok,True
640,209,0.45697279799787793,5834964992,64.0063881102939,ok,True
512,330,0.4406330500023614,5896241152,61.21780730852531,ok,True
512,400,0.5327958485031559,7144046592,74.90810765072887,ok,True
640,256,0.5532978785013256,7144046592,76.13386969571341,ok,True
576,330,0.5869761480025772,7460290560,80.34291215888382,ok,True
576,400,,,,OOM,True
640,330,,,,OOM,True
640,400,,,,OOM,True
